<?xml version="1.0" encoding="UTF-8"?>
<project-private xmlns="http://www.netbeans.org/ns/project-private/1">
    <editor-bookmarks xmlns="http://www.netbeans.org/ns/editor-bookmarks/2" lastBookmarkId="0"/>
    <open-files xmlns="http://www.netbeans.org/ns/projectui-open-files/2">
        <group>
            <file>file:/C:/Users/user/Documents/NetBeansProjects/WebApplication3/src/java/Saveuser.java</file>
            <file>file:/C:/Users/user/Documents/NetBeansProjects/WebApplication3/web/AddingAction.jsp</file>
            <file>file:/C:/Users/user/Documents/NetBeansProjects/WebApplication3/web/LikingAction.jsp</file>
            <file>file:/C:/Users/user/Documents/NetBeansProjects/WebApplication3/web/Login.jsp</file>
            <file>file:/C:/Users/user/Documents/NetBeansProjects/WebApplication3/web/Registration.jsp</file>
            <file>file:/C:/Users/user/Documents/NetBeansProjects/WebApplication3/src/java/LoginSession1.java</file>
            <file>file:/C:/Users/user/Documents/NetBeansProjects/WebApplication3/web/LikingAdding.jsp</file>
            <file>file:/C:/Users/user/Documents/NetBeansProjects/WebApplication3/web/LoginSession.jsp</file>
        </group>
    </open-files>
</project-private>
