<?xml version="1.0" encoding="UTF-8"?>
<project-private xmlns="http://www.netbeans.org/ns/project-private/1">
    <editor-bookmarks xmlns="http://www.netbeans.org/ns/editor-bookmarks/2" lastBookmarkId="0"/>
    <open-files xmlns="http://www.netbeans.org/ns/projectui-open-files/2">
        <group>
            <file>file:/C:/Users/NOTE%20BOOK/Documents/NetBeansProjects/Authentication/web/META-INF/New%20folder/login.jsp</file>
            <file>file:/C:/Users/NOTE%20BOOK/Documents/NetBeansProjects/Authentication/web/META-INF/New%20folder/loginbackend.jsp</file>
            <file>file:/C:/Users/NOTE%20BOOK/Documents/NetBeansProjects/Authentication/web/META-INF/New%20folder/index.jsp</file>
            <file>file:/C:/Users/NOTE%20BOOK/Documents/NetBeansProjects/Authentication/web/META-INF/New%20folder/dashboard.jsp</file>
            <file>file:/C:/Users/NOTE%20BOOK/Documents/NetBeansProjects/Authentication/web/META-INF/New%20folder/insert.jsp</file>
        </group>
    </open-files>
</project-private>
